delete from Cycle;
delete from Schedule;
delete from Cycle_type;

INSERT INTO Schedule(id, name) VALUES (1, 'Sabados 13:00-19:15');
INSERT INTO Schedule(id, name) VALUES (2, 'Regular 7:15-8:45');
INSERT INTO Schedule(id, name) VALUES (3, 'Regular 9:00-10:30');
INSERT INTO Schedule(id, name) VALUES (4, 'Regular 10:45-12:15');
INSERT INTO Schedule(id, name) VALUES (5, 'Regular 12:30-14:00');
INSERT INTO Schedule(id, name) VALUES (6, 'Regular 14:15-15:45');

INSERT INTO Cycle_type(id, name) VALUES (1, 'A0.01');
INSERT INTO Cycle_type(id, name) VALUES (2, 'A0.02');
INSERT INTO Cycle_type(id, name) VALUES (3, 'A0.03');
INSERT INTO Cycle_type(id, name) VALUES (4, 'A0.04');
INSERT INTO Cycle_type(id, name) VALUES (5, 'A0.05');
INSERT INTO Cycle_type(id, name) VALUES (6, 'A1.06');
INSERT INTO Cycle_type(id, name) VALUES (7, 'A1.07');
INSERT INTO Cycle_type(id, name) VALUES (8, 'A1.08');
INSERT INTO Cycle_type(id, name) VALUES (9, 'A1.09');
INSERT INTO Cycle_type(id, name) VALUES (10, 'A2.10');
INSERT INTO Cycle_type(id, name) VALUES (11, 'A2.11');
INSERT INTO Cycle_type(id, name) VALUES (12, 'A2.12');
INSERT INTO Cycle_type(id, name) VALUES (13, 'A2.13');
INSERT INTO Cycle_type(id, name) VALUES (14, 'A2.14');
INSERT INTO Cycle_type(id, name) VALUES (15, 'B1.01');
INSERT INTO Cycle_type(id, name) VALUES (16, 'B1.02');
INSERT INTO Cycle_type(id, name) VALUES (17, 'B1.03');
INSERT INTO Cycle_type(id, name) VALUES (18, 'B1.04');
INSERT INTO Cycle_type(id, name) VALUES (19, 'B1.05');
INSERT INTO Cycle_type(id, name) VALUES (20, 'B2.06');
INSERT INTO Cycle_type(id, name) VALUES (21, 'B2.07');
INSERT INTO Cycle_type(id, name) VALUES (22, 'B2.08');
INSERT INTO Cycle_type(id, name) VALUES (23, 'B2.09');
INSERT INTO Cycle_type(id, name) VALUES (24, 'B2.10');

INSERT INTO Cycle(id, name, id_schedule, id_type, active, date) VALUES (1, 'Enero', 1, 1, 1, '2021-01-02');
INSERT INTO Cycle(id, name, id_schedule, id_type, active, date) VALUES (2, 'Febrero', 2, 2, 1, '2021-02-02');
INSERT INTO Cycle(id, name, id_schedule, id_type, active, date) VALUES (3, 'Marzo', 3, 3, 1, '2021-02-02');
INSERT INTO Cycle(id, name, id_schedule, id_type, active, date) VALUES (4, 'Abril', 2, 4, 1, '2021-04-02');
INSERT INTO Cycle(id, name, id_schedule, id_type, active, date) VALUES (5, 'Mayo', 3, 5, 1, '2021-05-02');
INSERT INTO Cycle(id, name, id_schedule, id_type, active, date) VALUES (6, 'Octubre', 6, 6, 1, '2021-10-02');
INSERT INTO Cycle(id, name, id_schedule, id_type, active, date) VALUES (7, 'Octubre', 4, 7, 1, '2021-10-02');
INSERT INTO Cycle(id, name, id_schedule, id_type, active, date) VALUES (8, 'Octubre', 5, 8, 1, '2021-10-02');
INSERT INTO Cycle(id, name, id_schedule, id_type, active, date) VALUES (9, 'Junio', 5, 8, 0, '2021-10-02');
